id,name,leaderboard_description,Leaderboard_priority
leaderboard_id_1,Sample Leaderboard Name 1,Sample Leaderboard Description 1,1
leaderboard_id_2,Sample Leaderboard Name 2,Sample Leaderboard Description 2,2
leaderboard_id_3,Sample Leaderboard Name 3,Sample Leaderboard Description 3,3
leaderboard_id_4,Sample Leaderboard Name 4,Sample Leaderboard Description 4,4
leaderboard_id_5,Sample Leaderboard Name 5,Sample Leaderboard Description 5,5
leaderboard_id_6,Sample Leaderboard Name 6,Sample Leaderboard Description 6,6
leaderboard_id_7,Sample Leaderboard Name 7,Sample Leaderboard Description 7,7
leaderboard_id_8,Sample Leaderboard Name 8,Sample Leaderboard Description 8,8
leaderboard_id_9,Sample Leaderboard Name 9,Sample Leaderboard Description 9,9
leaderboard_id_10,Sample Leaderboard Name 10,Sample Leaderboard Description 10,10
